{
  "Component-dbg.js": 1739315198802,
  "manifest.json": 1739454873972,
  "test/integration/pages/TiposDeSolicitudList.js": 1739315198802,
  "test/integration/opaTests.qunit.js": 1739315198802,
  "test/integration/FirstJourney.js": 1739315198802,
  "test/testsuite.qunit.js": 1739315198802,
  "xs-app.json": 1739454937024,
  "test/integration/pages/TiposDeSolicitudObjectPage.js": 1739315198802,
  "Component.js": 1739315198802,
  "test/testsuite.qunit-dbg.js": 1739315198802,
  "test/testsuite.qunit.js.map": 1739454942547,
  "test/integration/opaTests.qunit-dbg.js": 1739315198802,
  "test/integration/opaTests.qunit.js.map": 1739454942545,
  "test/integration/FirstJourney-dbg.js": 1739315198802,
  "test/integration/FirstJourney.js.map": 1739454942547,
  "test/integration/pages/TiposDeSolicitudList-dbg.js": 1739315198802,
  "test/integration/pages/TiposDeSolicitudList.js.map": 1739454942551,
  "test/integration/pages/TiposDeSolicitudObjectPage-dbg.js": 1739315198802,
  "test/integration/pages/TiposDeSolicitudObjectPage.js.map": 1739454942547,
  "i18n/i18n.properties": 1739315198802,
  "Component.js.map": 1739454942549,
  "Component-preload.js": 1739454942608,
  "Component-preload.js.map": 1739454942608,
  "test/integration/opaTests.qunit.html": 1739315198802,
  "test/testsuite.qunit.html": 1739315198802,
  "test/flpSandbox.html": 1739315198802,
  "index.html": 1739315198802
}