{
  "Component-preload.js": 1739454953984,
  "test/testsuite.qunit.js": 1739395230287,
  "test/integration/pages/SolicitudesList.js": 1739395229903,
  "test/integration/pages/ComunicacionesObjectPage.js": 1739395229727,
  "test/integration/opaTests.qunit.js": 1739395229599,
  "test/integration/FirstJourney.js": 1739395229303,
  "test/integration/pages/SolicitudesObjectPage.js": 1739395229995,
  "xs-app.json": 1739454937024,
  "manifest.json": 1739454873972,
  "Component.js": 1739395227487,
  "test/integration/pages/ComunicacionesObjectPage-dbg.js": 1739395229727,
  "test/integration/pages/ComunicacionesObjectPage.js.map": 1739454953873,
  "test/integration/pages/SolicitudesList-dbg.js": 1739395229903,
  "test/integration/pages/SolicitudesList.js.map": 1739454953926,
  "test/testsuite.qunit-dbg.js": 1739395230287,
  "test/testsuite.qunit.js.map": 1739454953923,
  "test/integration/opaTests.qunit-dbg.js": 1739395229599,
  "test/integration/opaTests.qunit.js.map": 1739454953873,
  "test/integration/FirstJourney-dbg.js": 1739395229303,
  "test/integration/FirstJourney.js.map": 1739454953877,
  "test/integration/pages/SolicitudesObjectPage-dbg.js": 1739395229995,
  "test/integration/pages/SolicitudesObjectPage.js.map": 1739454953920,
  "Component-dbg.js": 1739395227487,
  "Component.js.map": 1739454953919,
  "i18n/i18n.properties": 1739395228647,
  "Component-preload.js.map": 1739454953984,
  "test/integration/opaTests.qunit.html": 1739395229479,
  "test/testsuite.qunit.html": 1739395230151,
  "test/flpSandbox.html": 1739395229087,
  "index.html": 1739395228855
}