{
  "test/integration/FirstJourney.js.map": 1739454946464,
  "manifest.json": 1739454873972,
  "test/integration/pages/UrgenciaList.js": 1739315198802,
  "test/integration/opaTests.qunit.js": 1739315198802,
  "test/integration/FirstJourney.js": 1739315198802,
  "test/testsuite.qunit.js": 1739315198806,
  "xs-app.json": 1739454937024,
  "test/integration/pages/UrgenciaObjectPage.js": 1739315198802,
  "Component.js": 1739315198802,
  "test/integration/opaTests.qunit-dbg.js": 1739315198802,
  "test/integration/opaTests.qunit.js.map": 1739454946519,
  "test/integration/pages/UrgenciaList-dbg.js": 1739315198802,
  "test/integration/pages/UrgenciaList.js.map": 1739454946461,
  "test/integration/FirstJourney-dbg.js": 1739315198802,
  "i18n/i18n.properties": 1739315198802,
  "test/testsuite.qunit-dbg.js": 1739315198806,
  "test/testsuite.qunit.js.map": 1739454946464,
  "test/integration/pages/UrgenciaObjectPage-dbg.js": 1739315198802,
  "test/integration/pages/UrgenciaObjectPage.js.map": 1739454946463,
  "Component-dbg.js": 1739315198802,
  "Component.js.map": 1739454946520,
  "Component-preload.js": 1739454946622,
  "Component-preload.js.map": 1739454946622,
  "test/integration/opaTests.qunit.html": 1739315198802,
  "test/testsuite.qunit.html": 1739315198802,
  "test/flpSandbox.html": 1739315198802,
  "index.html": 1739315198802
}