{
  "test/testsuite.qunit-dbg.js": 1739385076450,
  "xs-app.json": 1739454937024,
  "test/integration/pages/SolicitudesList.js": 1739385076478,
  "test/integration/pages/ComunicacionesObjectPage.js": 1739385076498,
  "test/integration/opaTests.qunit.js": 1739385076458,
  "test/integration/FirstJourney.js": 1739385076498,
  "test/testsuite.qunit.js": 1739385076450,
  "test/integration/pages/SolicitudesObjectPage.js": 1739385076478,
  "manifest.json": 1739454873972,
  "Component.js": 1739385076354,
  "test/integration/pages/SolicitudesObjectPage-dbg.js": 1739385076478,
  "test/integration/pages/SolicitudesObjectPage.js.map": 1739454950237,
  "test/integration/pages/ComunicacionesObjectPage-dbg.js": 1739385076498,
  "test/integration/pages/ComunicacionesObjectPage.js.map": 1739454950240,
  "test/integration/opaTests.qunit-dbg.js": 1739385076458,
  "test/integration/opaTests.qunit.js.map": 1739454950243,
  "test/integration/FirstJourney-dbg.js": 1739385076498,
  "test/integration/FirstJourney.js.map": 1739454950243,
  "i18n/i18n.properties": 1739395224779,
  "test/testsuite.qunit.js.map": 1739454950240,
  "test/integration/pages/SolicitudesList-dbg.js": 1739385076478,
  "test/integration/pages/SolicitudesList.js.map": 1739454950241,
  "Component-dbg.js": 1739385076354,
  "Component.js.map": 1739454950241,
  "Component-preload.js": 1739454950301,
  "Component-preload.js.map": 1739454950301,
  "test/integration/opaTests.qunit.html": 1739385076458,
  "test/testsuite.qunit.html": 1739385076430,
  "test/flpSandbox.html": 1739395225235,
  "index.html": 1739395224955
}